{"cameraMode":{"drawMode":0,"name":"Shaded","section":"Shading Mode"},"sceneLighting":true,"audioPlay":false,"sceneViewState":{"m_AlwaysRefresh":false,"showFog":true,"showSkybox":true,"showFlares":true,"showImageEffects":true,"showParticleSystems":true,"showVisualEffectGraphs":true,"m_FxEnabled":true},"in2DMode":false,"pivot":{"x":11.495697975158692,"y":-0.5528640747070313,"z":8.163291931152344},"rotation":{"x":0.010595576837658883,"y":-0.7083168625831604,"z":0.010617225430905819,"w":0.7057626843452454},"size":50.96859359741211,"orthographic":true}