{"cameraMode":{"drawMode":0,"name":"Shaded","section":"Shading Mode"},"sceneLighting":true,"audioPlay":false,"sceneViewState":{"m_AlwaysRefresh":false,"showFog":true,"showSkybox":true,"showFlares":true,"showImageEffects":true,"showParticleSystems":true,"showVisualEffectGraphs":true,"m_FxEnabled":true},"in2DMode":false,"pivot":{"x":402.6456604003906,"y":235.43862915039063,"z":447.4176330566406},"rotation":{"x":0.05833100154995918,"y":0.06794335693120957,"z":0.004000101238489151,"w":-0.9959968328475952},"size":343.2560729980469,"orthographic":false}