{"cameraMode":{"drawMode":0,"name":"Shaded","section":"Shading Mode"},"sceneLighting":true,"audioPlay":false,"sceneViewState":{"m_AlwaysRefresh":false,"showFog":true,"showSkybox":true,"showFlares":true,"showImageEffects":true,"showParticleSystems":true,"showVisualEffectGraphs":true,"m_FxEnabled":true},"in2DMode":false,"pivot":{"x":5.888299942016602,"y":-16.826305389404298,"z":14.386041641235352},"rotation":{"x":0.19099503755569459,"y":-0.5306234359741211,"z":0.12414602190256119,"w":0.8164502382278442},"size":73.75553894042969,"orthographic":false}