{"cameraMode":{"drawMode":0,"name":"Shaded","section":"Shading Mode"},"sceneLighting":true,"audioPlay":false,"sceneViewState":{"m_AlwaysRefresh":false,"showFog":true,"showSkybox":true,"showFlares":true,"showImageEffects":true,"showParticleSystems":true,"showVisualEffectGraphs":true,"m_FxEnabled":true},"in2DMode":false,"pivot":{"x":5.204365253448486,"y":0.9907853007316589,"z":1.1642169952392579},"rotation":{"x":-0.00017773332365322858,"y":-0.9998188614845276,"z":0.015307985246181488,"w":-0.011707490310072899},"size":9.493247985839844,"orthographic":false}